Student_ID,CGPA,Internships,Projects,Certifications,Aptitude_Score,Soft_Skills_Rating,SSC_Percentage,HSC_Percentage,Package_Range,Placement_Status
1,8.17,1,4,4,82,4,95,81,5-8 LPA,Placed
2,7.46,3,5,6,78,5,98,77,5-8 LPA,Placed
3,9.72,2,3,3,95,4,86,96,12+ LPA,Placed
4,7.26,3,4,3,90,4,89,93,5-8 LPA,Placed
5,9.76,1,4,6,93,4,95,83,12+ LPA,Placed
6,9.67,2,3,3,83,5,95,76,8-12 LPA,Placed
7,8.34,3,5,6,82,4,77,88,8-12 LPA,Placed
8,7.67,2,3,3,78,5,92,86,3-5 LPA,Placed
9,9.53,2,4,5,82,4,90,87,12+ LPA,Placed
10,9.35,2,2,5,87,4,89,87,12+ LPA,Placed
11,9.77,1,5,4,93,4,82,77,8-12 LPA,Placed
12,8.78,2,4,3,83,5,81,83,8-12 LPA,Placed
13,8.06,3,4,6,77,5,82,96,3-5 LPA,Placed
14,8.43,1,4,4,75,4,97,88,8-12 LPA,Placed
15,8.56,3,3,3,87,4,81,91,8-12 LPA,Placed
16,8.52,2,2,6,89,4,78,87,8-12 LPA,Placed
17,7.95,2,5,3,84,4,95,80,5-8 LPA,Placed
18,7.77,2,3,4,97,5,81,75,5-8 LPA,Placed
19,8.88,1,5,6,83,4,81,80,8-12 LPA,Placed
20,8.29,1,2,4,84,5,98,89,8-12 LPA,Placed
21,7.77,1,5,2,91,5,94,86,5-8 LPA,Placed
22,8.49,1,2,2,91,4,91,76,8-12 LPA,Placed
23,7.33,1,5,2,75,4,76,95,5-8 LPA,Placed
24,9.76,3,5,4,91,4,80,98,12+ LPA,Placed
25,9.76,2,4,2,83,5,80,90,12+ LPA,Placed
26,8.74,3,5,4,77,4,93,94,8-12 LPA,Placed
27,7.65,1,5,3,82,4,85,92,3-5 LPA,Placed
28,9.48,3,4,5,90,5,90,94,12+ LPA,Placed
29,7.83,2,5,6,79,5,97,83,5-8 LPA,Placed
30,9.02,3,5,2,94,4,91,82,8-12 LPA,Placed
31,8.94,2,4,2,77,4,92,88,8-12 LPA,Placed
32,9.0,1,2,5,75,5,75,88,12+ LPA,Placed
33,9.14,3,4,2,75,5,86,93,8-12 LPA,Placed
34,7.85,2,3,6,93,5,82,76,5-8 LPA,Placed
35,8.88,3,5,2,79,5,90,93,8-12 LPA,Placed
36,9.2,1,5,5,88,4,80,77,8-12 LPA,Placed
37,9.68,1,2,6,77,5,75,94,12+ LPA,Placed
38,8.2,3,2,4,92,4,84,96,8-12 LPA,Placed
39,8.68,2,5,3,84,5,91,82,8-12 LPA,Placed
40,9.03,3,2,3,97,5,77,92,8-12 LPA,Placed
41,9.57,2,4,2,78,4,94,75,12+ LPA,Placed
42,8.23,2,5,4,97,4,76,76,8-12 LPA,Placed
43,8.95,3,2,3,96,5,96,91,8-12 LPA,Placed
44,9.34,2,4,5,79,4,82,95,12+ LPA,Placed
45,9.71,3,5,6,94,5,89,77,8-12 LPA,Placed
46,9.09,1,3,5,84,5,93,91,12+ LPA,Placed
47,8.33,2,4,3,79,5,95,97,8-12 LPA,Placed
48,8.99,1,3,3,75,4,76,96,5-8 LPA,Placed
49,8.92,1,2,6,81,5,79,96,5-8 LPA,Placed
50,7.32,2,5,4,79,5,88,79,5-8 LPA,Placed
51,8.01,2,5,6,86,5,90,95,5-8 LPA,Placed
52,7.65,2,2,3,84,5,79,78,5-8 LPA,Placed
53,8.17,2,4,3,75,5,79,87,5-8 LPA,Placed
54,7.38,3,3,2,94,5,86,92,5-8 LPA,Placed
55,7.53,1,4,4,79,5,77,75,3-5 LPA,Placed
56,9.55,1,2,5,88,5,93,92,8-12 LPA,Placed
57,7.39,1,3,3,76,4,83,81,5-8 LPA,Placed
58,9.01,1,4,6,78,4,95,78,12+ LPA,Placed
59,9.15,3,2,4,90,5,92,91,8-12 LPA,Placed
60,8.09,2,5,6,86,4,97,87,3-5 LPA,Placed
61,7.82,2,2,2,94,5,96,87,3-5 LPA,Placed
62,8.21,1,2,4,86,4,81,88,8-12 LPA,Placed
63,8.45,2,4,6,79,4,86,94,8-12 LPA,Placed
64,9.16,3,5,2,81,4,95,84,8-12 LPA,Placed
65,9.79,2,2,4,97,4,85,85,12+ LPA,Placed
66,7.57,2,3,5,91,4,80,81,5-8 LPA,Placed
67,7.78,1,3,4,76,4,79,80,3-5 LPA,Placed
68,8.17,1,3,5,91,4,81,87,3-5 LPA,Placed
69,8.18,3,4,6,86,5,81,84,3-5 LPA,Placed
70,7.49,3,2,6,92,5,94,82,5-8 LPA,Placed
71,8.89,1,4,6,91,4,98,75,8-12 LPA,Placed
72,9.7,1,5,6,89,4,90,96,8-12 LPA,Placed
73,9.59,3,4,5,92,4,83,91,8-12 LPA,Placed
74,8.38,1,3,4,90,4,85,86,5-8 LPA,Placed
75,7.35,2,5,5,95,5,78,82,5-8 LPA,Placed
76,8.72,1,2,5,96,4,91,83,8-12 LPA,Placed
77,9.32,1,2,4,80,5,93,79,8-12 LPA,Placed
78,8.29,2,3,4,87,4,97,98,8-12 LPA,Placed
79,9.31,3,2,4,95,5,96,91,8-12 LPA,Placed
80,8.42,3,4,2,95,5,97,80,8-12 LPA,Placed
81,8.59,1,3,4,95,4,79,95,5-8 LPA,Placed
82,9.41,1,2,2,88,4,93,87,8-12 LPA,Placed
83,7.79,1,5,3,82,4,76,96,3-5 LPA,Placed
84,8.55,1,3,5,79,5,91,90,8-12 LPA,Placed
85,8.29,1,2,3,85,4,81,80,8-12 LPA,Placed
86,9.75,2,3,3,89,4,93,76,12+ LPA,Placed
87,8.54,3,5,3,93,4,79,78,8-12 LPA,Placed
88,9.39,1,5,5,79,5,80,95,12+ LPA,Placed
89,7.74,3,5,4,93,4,97,97,5-8 LPA,Placed
90,8.24,1,4,4,92,4,93,93,5-8 LPA,Placed
91,8.1,2,2,6,80,4,79,83,5-8 LPA,Placed
92,9.52,1,3,3,87,4,83,89,8-12 LPA,Placed
93,7.41,2,4,6,91,5,78,75,5-8 LPA,Placed
94,8.75,3,4,3,97,5,98,76,5-8 LPA,Placed
95,7.3,3,4,4,89,4,88,85,5-8 LPA,Placed
96,7.48,2,3,4,93,4,97,79,5-8 LPA,Placed
97,8.67,1,4,3,86,4,91,87,8-12 LPA,Placed
98,8.97,3,2,6,92,4,78,89,5-8 LPA,Placed
99,8.65,1,5,4,84,4,79,80,5-8 LPA,Placed
100,8.78,3,5,4,87,5,79,75,8-12 LPA,Placed
101,7.79,2,4,5,85,5,98,97,3-5 LPA,Placed
102,7.33,3,5,6,78,5,80,76,5-8 LPA,Placed
103,9.59,3,3,2,80,4,76,89,12+ LPA,Placed
104,8.44,1,5,6,80,5,96,78,8-12 LPA,Placed
105,8.52,1,5,2,88,5,80,79,8-12 LPA,Placed
106,9.62,1,4,4,75,5,92,98,12+ LPA,Placed
107,7.36,2,2,3,94,4,79,83,3-5 LPA,Placed
108,8.75,2,4,4,91,4,86,92,8-12 LPA,Placed
109,9.1,1,3,5,77,4,75,82,8-12 LPA,Placed
110,7.33,1,5,4,83,4,88,77,5-8 LPA,Placed
111,9.32,3,3,3,78,4,87,84,12+ LPA,Placed
112,9.32,3,5,4,80,4,97,89,12+ LPA,Placed
113,8.12,3,4,3,88,4,82,82,5-8 LPA,Placed
114,7.5,2,4,4,82,5,94,89,3-5 LPA,Placed
115,8.49,2,4,4,78,4,80,75,5-8 LPA,Placed
116,9.22,1,3,5,96,5,84,79,8-12 LPA,Placed
117,8.09,2,2,5,87,5,94,98,5-8 LPA,Placed
118,8.6,1,4,5,86,4,76,93,8-12 LPA,Placed
119,8.61,3,4,6,94,4,84,82,8-12 LPA,Placed
120,8.24,3,3,4,86,5,87,82,8-12 LPA,Placed
121,8.79,3,5,5,85,5,86,78,5-8 LPA,Placed
122,9.25,1,5,3,91,5,83,96,12+ LPA,Placed
123,7.47,1,3,4,97,4,88,79,3-5 LPA,Placed
124,9.38,2,4,2,75,4,96,97,12+ LPA,Placed
125,8.78,3,2,6,83,5,94,95,8-12 LPA,Placed
126,7.5,1,3,4,80,5,81,92,5-8 LPA,Placed
127,9.59,3,4,5,93,5,98,81,12+ LPA,Placed
128,7.29,1,2,6,85,5,92,95,5-8 LPA,Placed
129,9.74,1,2,5,96,5,82,91,12+ LPA,Placed
130,8.01,2,4,4,93,5,91,87,5-8 LPA,Placed
131,9.38,3,3,2,88,4,89,92,12+ LPA,Placed
132,8.35,2,3,4,78,4,82,97,5-8 LPA,Placed
133,8.17,2,4,3,75,4,97,92,3-5 LPA,Placed
134,8.26,1,4,4,97,4,82,96,8-12 LPA,Placed
135,8.68,3,2,5,89,5,76,77,8-12 LPA,Placed
136,9.08,2,4,5,94,4,96,95,12+ LPA,Placed
137,8.04,2,4,3,81,4,97,95,5-8 LPA,Placed
138,7.67,1,5,3,76,4,89,79,5-8 LPA,Placed
139,7.87,2,4,5,94,4,79,80,3-5 LPA,Placed
140,8.14,1,5,4,94,5,96,86,5-8 LPA,Placed
141,9.46,3,3,2,92,4,91,88,8-12 LPA,Placed
142,9.02,1,4,2,96,5,85,88,8-12 LPA,Placed
143,8.57,1,3,6,85,5,92,95,5-8 LPA,Placed
144,8.5,2,2,6,80,5,86,97,8-12 LPA,Placed
145,7.56,3,2,4,82,5,86,87,5-8 LPA,Placed
146,7.66,1,2,3,95,5,88,76,5-8 LPA,Placed
147,9.12,3,2,5,93,5,95,85,12+ LPA,Placed
148,8.12,1,4,4,96,5,97,89,3-5 LPA,Placed
149,7.55,1,3,5,89,5,93,77,3-5 LPA,Placed
150,9.4,3,2,4,76,4,76,95,12+ LPA,Placed
151,8.11,1,2,6,85,5,84,81,5-8 LPA,Placed
152,7.4,3,3,3,86,4,79,86,3-5 LPA,Placed
153,9.7,1,3,2,97,4,89,86,12+ LPA,Placed
154,9.47,3,2,2,97,4,96,90,8-12 LPA,Placed
155,7.85,1,5,4,83,4,89,84,5-8 LPA,Placed
156,9.8,2,2,3,81,5,89,95,8-12 LPA,Placed
157,7.7,2,4,6,92,4,94,81,5-8 LPA,Placed
158,8.56,3,2,4,86,5,87,76,5-8 LPA,Placed
159,8.58,2,4,5,81,4,98,91,8-12 LPA,Placed
160,8.92,1,3,2,90,4,84,86,8-12 LPA,Placed
161,7.26,2,3,4,97,4,87,92,3-5 LPA,Placed
162,9.28,3,3,5,91,4,95,86,8-12 LPA,Placed
163,9.47,3,2,3,81,5,79,75,12+ LPA,Placed
164,7.49,2,5,3,78,5,79,90,5-8 LPA,Placed
165,9.77,1,4,2,78,5,79,79,12+ LPA,Placed
166,8.29,3,3,4,87,5,81,94,8-12 LPA,Placed
167,8.24,1,4,6,93,4,88,84,8-12 LPA,Placed
168,8.2,1,2,3,77,5,80,79,8-12 LPA,Placed
169,9.72,1,2,4,94,5,91,84,12+ LPA,Placed
170,8.48,1,5,4,77,5,87,98,5-8 LPA,Placed
171,7.29,2,2,3,85,4,98,77,5-8 LPA,Placed
172,8.44,3,2,3,86,5,83,89,8-12 LPA,Placed
173,8.63,3,3,5,89,5,82,79,8-12 LPA,Placed
174,8.58,1,5,6,79,4,91,92,8-12 LPA,Placed
175,8.45,1,4,3,77,5,82,76,8-12 LPA,Placed
176,9.45,1,3,4,90,5,75,90,8-12 LPA,Placed
177,9.38,1,2,3,78,4,80,81,8-12 LPA,Placed
178,9.7,1,4,3,84,5,85,95,8-12 LPA,Placed
179,7.62,2,3,6,86,4,76,87,5-8 LPA,Placed
180,9.75,1,5,3,87,4,90,80,12+ LPA,Placed
181,7.25,1,5,3,89,5,79,96,3-5 LPA,Placed
182,8.99,2,5,4,91,5,96,91,8-12 LPA,Placed
183,8.1,2,5,4,92,5,88,89,3-5 LPA,Placed
184,9.15,3,5,6,86,4,85,75,12+ LPA,Placed
185,8.47,3,4,3,97,5,76,88,8-12 LPA,Placed
186,9.66,3,2,2,81,4,97,85,12+ LPA,Placed
187,7.41,2,5,4,77,4,86,98,5-8 LPA,Placed
188,9.65,1,4,5,80,4,79,77,12+ LPA,Placed
189,8.03,2,4,3,77,5,91,98,5-8 LPA,Placed
190,9.45,3,5,5,88,4,91,95,12+ LPA,Placed
191,8.38,2,5,4,86,4,98,77,8-12 LPA,Placed
192,8.4,2,3,2,86,5,78,83,8-12 LPA,Placed
193,8.48,3,3,6,95,5,98,82,8-12 LPA,Placed
194,8.38,1,3,3,88,4,80,85,8-12 LPA,Placed
195,9.44,2,2,4,96,4,98,83,12+ LPA,Placed
196,9.77,3,5,5,94,4,84,82,12+ LPA,Placed
197,8.05,2,2,2,83,4,75,87,5-8 LPA,Placed
198,8.23,2,3,3,88,5,92,89,8-12 LPA,Placed
199,7.64,1,5,4,77,4,80,83,3-5 LPA,Placed
200,7.34,1,3,5,82,5,92,94,5-8 LPA,Placed
201,9.32,3,4,5,90,5,80,96,12+ LPA,Placed
202,8.87,1,5,3,88,4,92,96,8-12 LPA,Placed
203,8.89,1,2,4,93,4,88,78,5-8 LPA,Placed
204,9.47,1,4,4,86,5,80,92,8-12 LPA,Placed
205,8.06,1,4,4,84,4,77,96,5-8 LPA,Placed
206,7.87,1,3,6,94,4,78,86,3-5 LPA,Placed
207,8.51,2,2,4,83,5,95,76,8-12 LPA,Placed
208,9.47,2,5,3,93,4,96,86,12+ LPA,Placed
209,8.41,1,4,2,77,5,82,78,5-8 LPA,Placed
210,7.67,2,3,3,97,4,79,80,5-8 LPA,Placed
211,7.84,1,4,2,94,5,81,80,5-8 LPA,Placed
212,8.01,2,4,6,79,4,75,82,5-8 LPA,Placed
213,8.23,3,4,4,84,4,96,88,8-12 LPA,Placed
214,8.37,2,2,2,79,5,82,85,5-8 LPA,Placed
215,7.86,2,5,5,85,4,89,79,5-8 LPA,Placed
216,9.23,3,4,5,94,5,88,76,12+ LPA,Placed
217,7.8,2,2,2,97,4,80,79,3-5 LPA,Placed
218,8.02,1,4,5,84,5,95,92,3-5 LPA,Placed
219,7.21,2,2,3,81,4,98,89,5-8 LPA,Placed
220,8.09,2,5,6,94,5,92,84,3-5 LPA,Placed
221,7.62,1,2,6,80,4,89,96,5-8 LPA,Placed
222,8.92,3,3,4,84,5,92,92,8-12 LPA,Placed
223,9.46,1,5,4,82,4,88,78,8-12 LPA,Placed
224,7.76,2,2,6,83,5,76,92,5-8 LPA,Placed
225,8.03,1,2,2,90,4,83,95,5-8 LPA,Placed
226,9.12,2,2,5,80,4,80,76,8-12 LPA,Placed
227,9.27,3,2,4,75,5,96,81,12+ LPA,Placed
228,8.04,2,4,6,93,5,75,91,5-8 LPA,Placed
229,8.36,2,3,4,77,5,88,88,8-12 LPA,Placed
230,8.41,3,2,3,82,5,76,80,5-8 LPA,Placed
231,9.32,1,5,6,76,5,79,89,12+ LPA,Placed
232,8.78,3,3,3,86,4,85,87,5-8 LPA,Placed
233,8.32,3,2,5,89,4,78,85,8-12 LPA,Placed
234,7.71,1,3,4,76,5,78,90,5-8 LPA,Placed
235,8.94,1,4,5,77,5,90,84,8-12 LPA,Placed
236,9.06,1,2,5,85,4,86,84,8-12 LPA,Placed
237,7.68,3,5,2,84,4,84,98,3-5 LPA,Placed
238,8.46,3,3,2,86,5,87,84,8-12 LPA,Placed
239,7.21,2,3,6,96,5,83,83,5-8 LPA,Placed
240,7.65,1,2,3,82,5,90,91,5-8 LPA,Placed
241,9.23,2,5,4,78,5,81,84,8-12 LPA,Placed
242,9.19,2,2,3,79,4,91,77,8-12 LPA,Placed
243,8.43,1,2,6,89,4,81,85,8-12 LPA,Placed
244,8.22,1,2,2,76,5,77,81,8-12 LPA,Placed
245,8.25,2,2,2,91,4,81,98,8-12 LPA,Placed
246,7.47,2,3,3,81,4,88,78,5-8 LPA,Placed
247,9.52,3,2,2,80,4,81,78,12+ LPA,Placed
248,9.36,1,5,4,95,5,80,82,8-12 LPA,Placed
249,8.59,1,3,4,96,5,76,97,8-12 LPA,Placed
250,8.14,3,3,5,82,5,86,78,3-5 LPA,Placed
251,8.85,3,2,3,97,5,86,91,8-12 LPA,Placed
252,9.75,3,5,6,97,5,93,82,12+ LPA,Placed
253,9.12,1,2,6,94,5,96,92,8-12 LPA,Placed
254,9.45,1,5,5,80,5,76,88,12+ LPA,Placed
255,7.79,1,3,2,95,5,83,75,5-8 LPA,Placed
256,8.23,3,3,5,92,4,80,77,5-8 LPA,Placed
257,8.69,1,5,3,86,4,91,84,8-12 LPA,Placed
258,8.83,2,5,3,88,5,77,90,8-12 LPA,Placed
259,9.33,3,2,4,76,4,76,77,12+ LPA,Placed
260,9.74,2,2,3,96,4,78,88,12+ LPA,Placed
261,9.54,2,2,5,77,4,83,80,12+ LPA,Placed
262,8.16,1,3,5,89,5,87,86,3-5 LPA,Placed
263,8.32,1,4,5,92,4,80,85,8-12 LPA,Placed
264,8.89,3,4,4,79,4,76,84,8-12 LPA,Placed
265,8.46,2,2,2,97,4,83,77,8-12 LPA,Placed
266,9.24,2,4,5,75,5,78,81,12+ LPA,Placed
267,7.8,1,5,5,80,4,92,79,3-5 LPA,Placed
268,8.37,1,4,4,96,5,81,79,8-12 LPA,Placed
269,9.71,3,3,4,95,5,80,89,12+ LPA,Placed
270,8.97,3,2,2,87,4,92,87,5-8 LPA,Placed
271,9.28,1,5,5,91,4,91,85,12+ LPA,Placed
272,9.4,3,2,3,78,5,94,90,8-12 LPA,Placed
273,8.44,1,2,5,80,5,95,84,5-8 LPA,Placed
274,9.68,1,5,2,83,4,76,90,12+ LPA,Placed
275,9.39,2,5,5,82,4,85,97,8-12 LPA,Placed
276,9.53,1,4,2,97,5,87,93,12+ LPA,Placed
277,9.77,3,2,6,82,4,97,85,8-12 LPA,Placed
278,9.29,3,5,2,79,5,95,82,12+ LPA,Placed
279,7.97,3,5,4,81,4,93,85,5-8 LPA,Placed
280,8.63,2,5,3,80,4,90,91,8-12 LPA,Placed
281,9.2,1,2,3,89,5,77,91,12+ LPA,Placed
282,7.88,1,2,2,97,5,92,84,3-5 LPA,Placed
283,7.96,2,3,6,95,5,90,76,5-8 LPA,Placed
284,8.08,2,4,2,82,4,88,92,3-5 LPA,Placed
285,7.83,1,5,4,88,4,98,95,5-8 LPA,Placed
286,9.32,3,4,2,86,4,89,92,8-12 LPA,Placed
287,7.77,2,5,5,85,5,96,96,3-5 LPA,Placed
288,9.64,1,2,3,76,4,95,89,12+ LPA,Placed
289,9.71,3,4,5,87,5,85,79,12+ LPA,Placed
290,8.52,3,3,4,97,4,81,86,8-12 LPA,Placed
291,9.18,3,5,3,90,5,75,86,8-12 LPA,Placed
292,9.78,3,5,3,76,4,84,95,8-12 LPA,Placed
293,8.8,3,3,2,90,4,83,94,8-12 LPA,Placed
294,9.4,2,3,5,91,5,88,76,8-12 LPA,Placed
295,8.96,3,4,4,79,5,78,89,8-12 LPA,Placed
296,9.08,2,4,3,79,5,95,96,8-12 LPA,Placed
297,7.21,2,3,5,87,5,91,97,3-5 LPA,Placed
298,8.53,3,5,6,90,5,97,94,8-12 LPA,Placed
299,8.77,2,3,3,93,4,93,91,8-12 LPA,Placed
300,7.59,1,5,3,80,4,78,93,5-8 LPA,Placed
301,7.58,3,2,2,92,4,94,91,5-8 LPA,Placed
302,9.11,3,2,5,96,4,75,91,8-12 LPA,Placed
303,8.49,3,4,5,85,4,83,90,8-12 LPA,Placed
304,8.67,2,3,4,87,4,91,96,8-12 LPA,Placed
305,8.55,1,4,6,93,5,77,88,8-12 LPA,Placed
306,8.18,1,5,2,95,5,79,78,5-8 LPA,Placed
307,7.41,3,4,3,77,4,98,78,3-5 LPA,Placed
308,7.61,1,4,5,78,4,98,86,5-8 LPA,Placed
309,7.29,3,4,5,88,5,84,90,5-8 LPA,Placed
310,8.32,1,2,5,83,4,78,98,8-12 LPA,Placed
311,8.81,3,2,6,78,5,75,81,8-12 LPA,Placed
312,7.82,3,5,6,84,5,86,98,5-8 LPA,Placed
313,9.1,2,2,3,79,4,97,79,12+ LPA,Placed
314,8.41,1,2,5,83,4,92,95,8-12 LPA,Placed
315,7.85,3,3,2,91,5,76,85,5-8 LPA,Placed
316,9.04,1,3,3,75,5,95,79,8-12 LPA,Placed
317,9.41,2,3,3,90,5,93,81,12+ LPA,Placed
318,7.36,2,5,4,84,4,93,91,5-8 LPA,Placed
319,7.87,2,4,5,88,5,96,89,5-8 LPA,Placed
320,9.48,2,5,5,88,4,83,82,8-12 LPA,Placed
321,9.21,3,3,2,77,5,86,75,12+ LPA,Placed
322,9.28,3,5,2,92,4,93,79,8-12 LPA,Placed
323,7.73,2,5,5,83,5,79,95,5-8 LPA,Placed
324,8.87,3,5,3,84,5,94,80,5-8 LPA,Placed
325,8.02,3,2,4,92,4,82,80,5-8 LPA,Placed
326,7.73,1,5,5,90,4,79,78,3-5 LPA,Placed
327,9.72,3,5,2,86,4,88,97,8-12 LPA,Placed
328,8.29,3,2,6,87,5,78,80,5-8 LPA,Placed
329,8.91,3,2,2,77,4,78,94,5-8 LPA,Placed
330,7.41,1,4,6,83,5,80,92,5-8 LPA,Placed
331,9.17,1,4,3,89,5,86,83,12+ LPA,Placed
332,8.48,3,5,5,90,4,98,75,8-12 LPA,Placed
333,7.57,1,4,3,85,4,97,90,5-8 LPA,Placed
334,9.12,3,3,4,77,4,94,90,12+ LPA,Placed
335,8.02,3,4,2,94,5,75,82,5-8 LPA,Placed
336,7.4,3,5,3,89,5,89,95,5-8 LPA,Placed
337,7.99,2,5,5,86,4,81,83,3-5 LPA,Placed
338,8.93,2,4,2,80,4,97,76,8-12 LPA,Placed
339,8.4,1,5,4,93,5,88,94,8-12 LPA,Placed
340,8.3,2,3,2,93,5,93,77,5-8 LPA,Placed
341,9.29,1,4,2,97,4,93,89,12+ LPA,Placed
342,7.77,1,2,5,82,4,83,75,5-8 LPA,Placed
343,7.98,3,2,4,83,4,88,83,5-8 LPA,Placed
344,9.55,2,2,6,88,5,83,98,12+ LPA,Placed
345,7.41,1,3,2,90,5,86,77,5-8 LPA,Placed
346,9.25,1,4,6,79,5,94,79,12+ LPA,Placed
347,7.5,1,2,6,83,5,77,91,5-8 LPA,Placed
348,9.69,1,4,5,96,5,88,89,12+ LPA,Placed
349,8.09,1,3,6,93,5,94,93,5-8 LPA,Placed
350,8.53,2,5,6,77,5,86,76,8-12 LPA,Placed
351,8.43,1,2,2,92,4,86,80,8-12 LPA,Placed
352,7.56,2,2,2,87,4,77,82,5-8 LPA,Placed
353,8.36,1,2,6,80,4,88,91,8-12 LPA,Placed
354,7.3,1,3,6,95,4,84,85,5-8 LPA,Placed
355,7.92,1,2,2,91,5,95,93,3-5 LPA,Placed
356,8.69,3,2,4,88,4,85,87,5-8 LPA,Placed
357,7.63,3,5,6,95,4,86,90,5-8 LPA,Placed
358,9.07,2,2,2,88,4,87,89,12+ LPA,Placed
359,8.77,2,3,3,78,5,75,78,8-12 LPA,Placed
360,7.51,1,2,5,93,4,83,81,5-8 LPA,Placed
361,8.88,2,3,4,85,4,84,88,8-12 LPA,Placed
362,9.57,1,4,5,77,5,80,95,8-12 LPA,Placed
363,7.37,2,5,3,91,4,86,77,5-8 LPA,Placed
364,7.42,3,3,6,95,5,91,97,3-5 LPA,Placed
365,7.38,1,3,4,92,5,77,87,5-8 LPA,Placed
366,8.0,2,3,5,86,5,77,77,3-5 LPA,Placed
367,9.58,3,4,4,90,5,96,78,12+ LPA,Placed
368,8.57,2,5,5,79,4,78,79,5-8 LPA,Placed
369,8.1,3,2,3,92,5,77,85,5-8 LPA,Placed
370,9.26,3,2,2,80,5,79,82,12+ LPA,Placed
371,7.77,2,2,5,91,4,92,79,5-8 LPA,Placed
372,9.74,3,4,6,78,5,88,96,8-12 LPA,Placed
373,8.28,3,3,4,89,4,84,79,5-8 LPA,Placed
374,8.16,1,4,5,92,5,83,91,5-8 LPA,Placed
375,8.78,2,5,2,87,5,90,96,8-12 LPA,Placed
376,7.6,1,2,3,87,5,95,97,5-8 LPA,Placed
377,7.99,1,4,3,91,4,88,86,5-8 LPA,Placed
378,9.36,3,2,5,77,4,89,76,12+ LPA,Placed
379,8.24,1,4,5,92,5,96,98,8-12 LPA,Placed
380,7.72,1,5,5,79,4,79,78,3-5 LPA,Placed
381,7.54,3,2,3,85,5,87,89,3-5 LPA,Placed
382,7.54,3,4,5,79,4,98,94,5-8 LPA,Placed
383,7.29,2,2,4,93,5,90,86,5-8 LPA,Placed
384,9.45,3,4,3,78,5,85,75,12+ LPA,Placed
385,8.35,3,4,2,93,5,91,93,5-8 LPA,Placed
386,8.39,3,4,5,81,4,77,90,5-8 LPA,Placed
387,7.35,1,2,2,91,4,82,93,5-8 LPA,Placed
388,7.87,1,2,6,97,5,92,96,5-8 LPA,Placed
389,9.08,2,3,3,95,5,86,76,12+ LPA,Placed
390,9.11,2,2,4,93,5,82,91,12+ LPA,Placed
391,7.21,3,2,5,79,4,89,79,5-8 LPA,Placed
392,9.64,1,4,2,78,4,76,82,12+ LPA,Placed
393,9.08,2,5,5,80,4,77,82,12+ LPA,Placed
394,9.3,1,5,3,87,4,93,80,12+ LPA,Placed
395,7.4,3,3,3,90,5,76,76,3-5 LPA,Placed
396,8.93,3,5,3,81,4,82,97,5-8 LPA,Placed
397,8.25,3,3,6,81,4,81,75,8-12 LPA,Placed
398,7.77,1,2,4,95,4,96,91,3-5 LPA,Placed
399,9.45,2,3,5,82,5,94,94,8-12 LPA,Placed
400,7.83,2,5,6,89,5,78,87,3-5 LPA,Placed
401,9.07,3,4,3,92,5,76,85,12+ LPA,Placed
402,8.25,1,4,2,92,5,96,80,5-8 LPA,Placed
403,8.72,1,3,6,86,4,85,75,8-12 LPA,Placed
404,8.67,2,5,5,78,5,89,93,8-12 LPA,Placed
405,9.57,3,2,2,97,5,75,98,8-12 LPA,Placed
406,7.56,1,2,4,87,4,75,98,3-5 LPA,Placed
407,9.67,3,2,2,95,5,93,93,8-12 LPA,Placed
408,7.33,1,3,5,83,4,89,90,5-8 LPA,Placed
409,8.16,1,5,2,87,5,79,87,5-8 LPA,Placed
410,9.07,1,2,4,96,5,96,75,8-12 LPA,Placed
411,9.16,1,3,2,82,4,78,92,8-12 LPA,Placed
412,9.73,1,5,2,78,4,85,77,8-12 LPA,Placed
413,9.34,2,3,6,86,4,95,84,12+ LPA,Placed
414,8.19,2,3,2,78,5,84,77,5-8 LPA,Placed
415,8.25,1,5,5,85,4,78,80,5-8 LPA,Placed
416,8.38,3,2,5,86,4,96,95,8-12 LPA,Placed
417,8.19,1,3,6,80,4,95,75,3-5 LPA,Placed
418,7.78,1,3,5,90,5,85,95,5-8 LPA,Placed
419,9.73,3,4,2,85,5,75,97,8-12 LPA,Placed
420,8.39,2,4,5,82,4,83,76,8-12 LPA,Placed
421,8.43,3,5,3,78,5,82,83,8-12 LPA,Placed
422,8.58,2,4,5,96,4,91,86,8-12 LPA,Placed
423,9.53,1,3,4,87,4,85,87,8-12 LPA,Placed
424,8.85,3,4,5,85,4,75,91,5-8 LPA,Placed
425,8.08,2,5,2,89,4,83,88,5-8 LPA,Placed
426,7.58,1,5,5,83,4,98,96,5-8 LPA,Placed
427,7.98,2,4,6,95,5,79,80,5-8 LPA,Placed
428,9.3,2,3,3,88,4,77,80,12+ LPA,Placed
429,7.74,3,5,2,91,5,85,87,5-8 LPA,Placed
430,8.22,2,2,5,77,5,90,98,5-8 LPA,Placed
431,9.75,1,5,4,79,4,92,93,12+ LPA,Placed
432,7.76,2,3,5,86,4,76,91,3-5 LPA,Placed
433,8.56,2,3,6,84,5,78,89,8-12 LPA,Placed
434,8.39,1,4,5,92,5,96,86,8-12 LPA,Placed
435,7.22,1,5,5,84,4,85,95,5-8 LPA,Placed
436,8.04,2,4,4,96,4,77,86,5-8 LPA,Placed
437,7.51,1,3,4,76,4,75,81,5-8 LPA,Placed
438,8.22,1,3,4,77,4,81,88,8-12 LPA,Placed
439,9.78,1,5,6,92,5,75,92,8-12 LPA,Placed
440,9.48,3,3,4,85,4,83,79,12+ LPA,Placed
441,7.66,2,5,6,83,4,78,79,3-5 LPA,Placed
442,8.66,1,4,5,93,4,87,81,5-8 LPA,Placed
443,9.66,1,2,5,97,5,94,89,12+ LPA,Placed
444,7.73,1,5,4,90,4,88,88,5-8 LPA,Placed
445,7.38,3,4,6,75,4,89,98,3-5 LPA,Placed
446,7.32,2,2,3,78,4,76,91,5-8 LPA,Placed
447,7.93,3,2,6,95,5,83,96,5-8 LPA,Placed
448,9.08,3,4,6,94,4,93,96,8-12 LPA,Placed
449,9.71,2,4,5,89,4,79,87,12+ LPA,Placed
450,7.99,2,2,2,90,4,93,88,5-8 LPA,Placed
451,8.08,3,3,5,81,5,98,96,5-8 LPA,Placed
452,8.74,1,5,4,97,4,84,84,8-12 LPA,Placed
453,7.9,2,2,2,85,5,84,96,5-8 LPA,Placed
454,8.76,3,2,4,95,4,80,91,8-12 LPA,Placed
455,8.52,1,2,3,82,4,81,80,5-8 LPA,Placed
456,9.01,3,2,2,91,5,83,83,12+ LPA,Placed
457,8.07,1,4,2,91,5,90,89,5-8 LPA,Placed
458,8.63,1,4,3,89,5,78,92,8-12 LPA,Placed
459,9.23,3,5,3,75,5,76,97,12+ LPA,Placed
460,9.03,3,3,2,75,4,82,93,12+ LPA,Placed
461,8.0,2,5,6,90,5,77,93,5-8 LPA,Placed
462,7.54,2,2,5,78,5,97,76,3-5 LPA,Placed
463,8.95,1,5,4,92,5,97,93,8-12 LPA,Placed
464,7.84,1,2,5,95,4,79,86,5-8 LPA,Placed
465,8.07,1,5,6,96,5,75,92,5-8 LPA,Placed
466,8.98,1,4,3,89,4,78,75,8-12 LPA,Placed
467,8.95,3,4,4,96,4,98,94,8-12 LPA,Placed
468,7.92,2,2,2,82,5,84,91,5-8 LPA,Placed
469,8.62,2,2,6,92,5,94,83,8-12 LPA,Placed
470,8.55,3,4,4,84,5,77,90,8-12 LPA,Placed
471,8.63,2,3,3,85,4,81,89,5-8 LPA,Placed
472,7.97,2,5,5,93,5,77,89,5-8 LPA,Placed
473,8.87,2,4,4,84,4,75,90,8-12 LPA,Placed
474,8.57,3,5,3,78,4,93,84,8-12 LPA,Placed
475,7.75,3,5,6,96,5,76,87,5-8 LPA,Placed
476,7.24,3,2,2,78,4,75,84,5-8 LPA,Placed
477,9.38,2,5,2,84,5,96,92,12+ LPA,Placed
478,9.15,3,2,5,89,4,78,83,12+ LPA,Placed
479,9.79,1,4,2,83,5,92,94,12+ LPA,Placed
480,8.9,1,4,5,89,5,75,88,8-12 LPA,Placed
481,7.84,3,2,3,77,5,75,85,5-8 LPA,Placed
482,8.17,3,3,3,80,4,93,78,3-5 LPA,Placed
483,8.62,2,4,3,80,4,97,98,5-8 LPA,Placed
484,7.96,2,3,2,83,4,80,85,5-8 LPA,Placed
485,7.9,1,3,6,83,5,98,95,5-8 LPA,Placed
486,9.47,3,5,3,82,5,92,85,8-12 LPA,Placed
487,7.37,2,4,4,87,5,96,81,5-8 LPA,Placed
488,8.48,3,2,4,88,5,92,75,5-8 LPA,Placed
489,7.49,1,2,2,84,5,95,92,3-5 LPA,Placed
490,9.32,3,4,5,79,4,78,86,12+ LPA,Placed
491,8.54,3,2,6,94,5,87,97,8-12 LPA,Placed
492,9.3,1,5,3,91,5,81,90,8-12 LPA,Placed
493,7.47,1,3,4,87,4,81,96,5-8 LPA,Placed
494,9.27,3,2,5,97,5,77,96,12+ LPA,Placed
495,8.39,3,2,5,89,5,97,87,8-12 LPA,Placed
496,7.21,2,2,5,92,5,96,96,5-8 LPA,Placed
497,7.25,3,5,3,93,5,84,89,5-8 LPA,Placed
498,7.78,1,3,5,85,5,81,97,5-8 LPA,Placed
499,7.9,2,4,5,82,4,83,89,3-5 LPA,Placed
500,9.47,3,3,3,75,4,92,76,12+ LPA,Placed
501,9.46,2,2,6,90,4,95,81,12+ LPA,Placed
502,9.0,3,2,6,91,4,81,91,8-12 LPA,Placed
503,9.22,2,2,4,77,4,95,85,8-12 LPA,Placed
504,7.86,1,3,5,83,5,98,75,5-8 LPA,Placed
505,9.47,1,4,5,93,5,83,81,12+ LPA,Placed
506,7.68,2,2,6,89,4,85,95,5-8 LPA,Placed
507,8.88,2,4,3,82,5,80,86,8-12 LPA,Placed
508,9.13,3,5,5,91,4,92,76,12+ LPA,Placed
509,9.77,1,4,3,77,4,77,96,8-12 LPA,Placed
510,8.78,3,3,5,94,4,85,85,5-8 LPA,Placed
511,9.39,1,5,5,76,4,98,89,12+ LPA,Placed
512,8.71,1,3,3,79,5,87,81,8-12 LPA,Placed
513,9.17,3,2,4,86,4,81,83,12+ LPA,Placed
514,8.22,2,2,4,95,5,78,84,8-12 LPA,Placed
515,8.84,2,5,3,87,4,96,90,8-12 LPA,Placed
516,8.02,1,4,3,86,5,86,85,5-8 LPA,Placed
517,7.4,2,3,5,93,5,97,92,3-5 LPA,Placed
518,8.32,2,3,2,89,4,80,77,8-12 LPA,Placed
519,8.04,1,5,5,95,5,88,87,5-8 LPA,Placed
520,9.34,2,4,6,89,4,78,97,8-12 LPA,Placed
521,9.25,2,2,5,86,4,82,75,12+ LPA,Placed
522,7.89,1,2,4,89,4,98,88,5-8 LPA,Placed
523,8.04,2,4,6,81,5,87,80,5-8 LPA,Placed
524,9.14,1,3,6,80,5,94,86,12+ LPA,Placed
525,9.15,1,3,4,87,4,77,89,12+ LPA,Placed
526,8.03,3,5,4,95,4,96,85,5-8 LPA,Placed
527,7.41,1,4,3,91,5,78,97,3-5 LPA,Placed
528,8.81,3,4,6,95,4,84,93,8-12 LPA,Placed
529,9.78,3,4,4,76,5,85,94,12+ LPA,Placed
530,9.46,3,3,3,97,5,79,79,8-12 LPA,Placed
531,9.75,2,2,3,94,5,88,85,8-12 LPA,Placed
532,9.37,3,4,3,97,4,95,86,12+ LPA,Placed
533,9.0,3,2,2,96,5,96,93,8-12 LPA,Placed
534,9.31,1,4,5,96,5,92,89,12+ LPA,Placed
535,9.67,2,5,3,90,4,97,85,12+ LPA,Placed
536,8.38,2,3,4,87,4,76,79,5-8 LPA,Placed
537,8.87,2,3,4,82,5,82,85,8-12 LPA,Placed
538,7.28,2,3,2,94,5,97,90,5-8 LPA,Placed
539,8.75,1,4,4,95,4,98,83,5-8 LPA,Placed
540,7.28,2,2,2,82,4,95,88,5-8 LPA,Placed
541,7.37,3,5,2,91,5,84,93,5-8 LPA,Placed
542,9.25,3,5,3,76,4,94,92,12+ LPA,Placed
543,7.46,3,2,5,77,4,82,82,5-8 LPA,Placed
544,7.92,3,3,6,84,4,91,78,5-8 LPA,Placed
545,7.36,1,3,5,92,5,80,98,5-8 LPA,Placed
546,7.42,2,4,4,88,5,79,80,3-5 LPA,Placed
547,7.99,3,5,5,97,4,75,97,3-5 LPA,Placed
548,8.23,3,3,6,76,4,96,87,8-12 LPA,Placed
549,8.62,1,4,3,89,4,97,81,8-12 LPA,Placed
550,9.19,2,4,6,92,4,90,83,12+ LPA,Placed
551,8.46,3,5,2,77,5,92,90,8-12 LPA,Placed
552,8.38,1,5,6,87,4,91,79,8-12 LPA,Placed
553,9.11,2,3,5,81,5,87,80,12+ LPA,Placed
554,9.42,1,3,4,77,4,96,76,8-12 LPA,Placed
555,8.77,2,5,2,80,5,77,84,8-12 LPA,Placed
556,7.43,1,4,6,79,5,94,83,5-8 LPA,Placed
557,8.55,3,4,5,87,4,84,92,8-12 LPA,Placed
558,8.18,1,3,5,75,4,89,87,5-8 LPA,Placed
559,8.46,2,4,6,97,5,82,82,5-8 LPA,Placed
560,9.24,1,4,6,91,5,90,97,12+ LPA,Placed
561,8.32,1,3,6,92,4,88,92,8-12 LPA,Placed
562,7.28,1,5,2,82,4,94,89,3-5 LPA,Placed
563,8.53,3,2,5,75,4,94,83,5-8 LPA,Placed
564,7.62,3,4,3,90,4,89,86,3-5 LPA,Placed
565,7.49,1,5,4,86,4,85,82,5-8 LPA,Placed
566,7.34,3,4,2,75,5,95,95,3-5 LPA,Placed
567,9.61,2,3,6,87,5,93,96,12+ LPA,Placed
568,7.94,3,4,2,95,4,76,82,3-5 LPA,Placed
569,7.89,1,3,4,80,5,76,80,3-5 LPA,Placed
570,9.5,2,3,2,85,5,87,94,8-12 LPA,Placed
571,8.61,3,5,4,77,5,82,98,8-12 LPA,Placed
572,7.88,2,5,2,86,5,98,90,5-8 LPA,Placed
573,7.72,3,2,5,97,5,87,76,5-8 LPA,Placed
574,7.21,2,3,2,94,5,82,84,5-8 LPA,Placed
575,7.97,3,3,4,90,4,89,77,5-8 LPA,Placed
576,8.93,2,4,3,97,4,92,94,5-8 LPA,Placed
577,7.97,3,5,2,96,4,76,77,5-8 LPA,Placed
578,8.32,1,5,6,75,5,80,89,5-8 LPA,Placed
579,7.56,3,3,2,95,5,79,80,3-5 LPA,Placed
580,8.09,3,4,5,92,4,77,96,5-8 LPA,Placed
581,9.02,2,3,2,94,4,82,97,12+ LPA,Placed
582,9.23,2,2,6,97,4,98,87,12+ LPA,Placed
583,7.79,3,5,3,75,5,93,85,5-8 LPA,Placed
584,7.47,2,2,4,82,4,96,83,5-8 LPA,Placed
585,9.23,3,3,5,86,4,97,96,12+ LPA,Placed
586,8.8,1,2,3,96,5,95,89,5-8 LPA,Placed
587,8.44,1,5,2,91,5,87,91,5-8 LPA,Placed
588,8.13,1,3,4,88,5,89,82,3-5 LPA,Placed
589,9.34,3,2,2,95,5,77,80,8-12 LPA,Placed
590,7.4,3,2,3,89,4,94,80,5-8 LPA,Placed
591,8.91,2,5,2,88,5,87,81,8-12 LPA,Placed
592,7.5,3,4,4,89,5,77,91,5-8 LPA,Placed
593,7.8,3,5,3,90,5,82,98,5-8 LPA,Placed
594,8.17,3,3,2,77,5,78,87,5-8 LPA,Placed
595,8.6,1,5,5,82,4,90,90,8-12 LPA,Placed
596,8.29,1,3,4,96,5,98,89,5-8 LPA,Placed
597,9.69,1,3,5,93,4,84,90,12+ LPA,Placed
598,9.16,2,3,6,95,4,81,76,8-12 LPA,Placed
599,7.58,1,3,3,88,5,78,97,5-8 LPA,Placed
600,8.33,3,5,3,83,4,84,94,8-12 LPA,Placed
601,9.5,3,4,3,85,4,91,78,12+ LPA,Placed
602,7.81,3,2,4,96,4,94,96,3-5 LPA,Placed
603,7.89,3,3,4,83,5,86,97,5-8 LPA,Placed
604,8.32,3,2,2,97,5,93,89,8-12 LPA,Placed
605,8.49,3,3,2,76,4,98,90,8-12 LPA,Placed
606,9.27,2,2,3,97,4,83,88,12+ LPA,Placed
607,8.07,2,4,4,85,4,95,96,3-5 LPA,Placed
608,7.55,2,5,3,86,4,84,92,5-8 LPA,Placed
609,7.3,1,4,3,77,4,90,80,3-5 LPA,Placed
610,8.02,3,5,3,86,5,87,78,3-5 LPA,Placed
611,8.61,3,4,4,89,4,82,81,8-12 LPA,Placed
612,8.53,3,5,5,86,4,85,91,8-12 LPA,Placed
613,8.03,1,5,6,90,5,96,89,3-5 LPA,Placed
614,7.42,2,3,6,94,5,79,77,5-8 LPA,Placed
615,9.0,3,2,3,95,5,79,97,12+ LPA,Placed
616,7.59,2,4,5,76,5,90,92,5-8 LPA,Placed
617,7.29,1,4,3,87,4,96,78,3-5 LPA,Placed
618,9.53,1,4,4,93,5,80,94,8-12 LPA,Placed
619,9.35,1,5,5,92,5,79,94,8-12 LPA,Placed
620,8.59,2,3,5,86,5,87,84,8-12 LPA,Placed
621,8.51,3,3,4,95,4,93,95,5-8 LPA,Placed
622,8.33,2,3,3,91,5,90,90,8-12 LPA,Placed
623,9.63,3,5,2,85,4,95,78,8-12 LPA,Placed
624,8.56,3,2,2,85,5,75,89,8-12 LPA,Placed
625,9.19,2,3,5,86,4,85,82,12+ LPA,Placed
626,9.71,3,5,4,84,4,91,96,8-12 LPA,Placed
627,8.97,2,3,5,80,5,84,84,8-12 LPA,Placed
628,8.83,1,3,3,89,4,96,90,8-12 LPA,Placed
629,7.52,2,4,4,83,5,76,76,5-8 LPA,Placed
630,7.53,2,2,3,76,5,94,81,5-8 LPA,Placed
631,8.31,2,4,3,88,5,89,86,8-12 LPA,Placed
632,7.63,3,5,6,84,5,88,79,5-8 LPA,Placed
633,8.09,2,5,5,87,5,96,88,3-5 LPA,Placed
634,9.79,1,5,2,87,5,94,92,12+ LPA,Placed
635,7.86,1,4,4,79,5,95,82,5-8 LPA,Placed
636,8.35,2,3,5,90,4,87,97,8-12 LPA,Placed
637,8.09,3,5,2,83,5,89,86,5-8 LPA,Placed
638,7.47,3,5,4,88,4,85,75,5-8 LPA,Placed
639,8.04,3,3,6,94,4,79,83,5-8 LPA,Placed
640,9.31,3,3,3,87,4,82,97,12+ LPA,Placed
641,7.56,3,4,4,96,5,90,77,3-5 LPA,Placed
642,8.41,3,3,6,89,4,91,76,8-12 LPA,Placed
643,8.97,1,5,4,75,4,77,79,8-12 LPA,Placed
644,9.0,1,5,2,81,5,93,96,8-12 LPA,Placed
645,7.44,3,2,6,96,5,94,89,5-8 LPA,Placed
646,9.41,3,5,5,82,5,90,93,12+ LPA,Placed
647,8.72,1,5,4,90,4,93,86,8-12 LPA,Placed
648,7.37,3,3,3,85,5,76,85,5-8 LPA,Placed
649,8.24,2,2,3,75,4,82,82,8-12 LPA,Placed
650,9.1,3,4,6,78,4,86,80,12+ LPA,Placed
651,8.13,1,2,6,90,4,87,96,5-8 LPA,Placed
652,9.71,3,5,2,81,5,85,96,12+ LPA,Placed
653,9.25,2,5,4,89,4,96,93,12+ LPA,Placed
654,7.63,3,3,5,91,4,90,88,5-8 LPA,Placed
655,8.24,3,3,2,93,5,84,89,8-12 LPA,Placed
656,8.39,2,3,2,84,4,96,91,5-8 LPA,Placed
657,7.59,2,2,6,92,5,94,75,5-8 LPA,Placed
658,8.22,2,5,2,78,4,96,78,8-12 LPA,Placed
659,8.75,1,2,4,82,4,98,93,8-12 LPA,Placed
660,8.58,3,4,2,92,5,90,77,8-12 LPA,Placed
661,8.33,1,2,3,90,4,83,78,8-12 LPA,Placed
662,8.02,2,5,5,78,5,95,81,5-8 LPA,Placed
663,8.04,2,4,3,87,5,80,86,5-8 LPA,Placed
664,8.25,1,3,6,84,4,84,79,5-8 LPA,Placed
665,8.81,3,2,6,86,4,75,85,8-12 LPA,Placed
666,8.34,3,2,5,96,5,77,81,5-8 LPA,Placed
667,8.2,1,3,2,86,4,85,78,8-12 LPA,Placed
668,7.89,2,2,3,86,4,80,84,3-5 LPA,Placed
669,8.76,3,4,5,93,4,91,83,8-12 LPA,Placed
670,9.33,1,4,6,84,4,84,81,12+ LPA,Placed
671,8.83,3,4,4,93,5,89,77,8-12 LPA,Placed
672,8.23,1,2,4,77,5,82,97,8-12 LPA,Placed
673,8.43,3,2,4,87,5,97,90,8-12 LPA,Placed
674,9.48,2,2,6,81,4,81,80,8-12 LPA,Placed
675,9.55,1,2,5,75,5,85,90,8-12 LPA,Placed
676,7.97,1,3,5,91,5,88,90,5-8 LPA,Placed
677,7.63,3,4,6,85,4,92,87,5-8 LPA,Placed
678,7.94,3,5,2,93,5,89,83,5-8 LPA,Placed
679,7.26,1,5,2,76,5,77,82,5-8 LPA,Placed
680,9.7,3,3,6,87,4,94,96,8-12 LPA,Placed
681,7.74,2,4,6,92,4,86,89,5-8 LPA,Placed
682,8.83,3,4,4,77,4,95,88,5-8 LPA,Placed
683,9.1,1,2,4,85,4,96,97,12+ LPA,Placed
684,7.71,3,5,5,75,4,94,91,3-5 LPA,Placed
685,9.51,3,4,6,97,5,96,96,12+ LPA,Placed
686,8.96,1,3,5,97,4,96,95,8-12 LPA,Placed
687,7.53,1,2,4,97,4,85,97,5-8 LPA,Placed
688,9.64,2,4,2,95,4,81,97,12+ LPA,Placed
689,7.78,3,4,4,84,4,92,90,5-8 LPA,Placed
690,7.88,1,2,6,95,5,82,90,5-8 LPA,Placed
691,8.35,1,3,6,91,5,83,76,8-12 LPA,Placed
692,7.22,2,4,2,80,5,87,85,5-8 LPA,Placed
693,9.65,3,2,4,75,5,93,92,8-12 LPA,Placed
694,8.14,1,4,2,78,4,87,91,3-5 LPA,Placed
695,8.7,1,5,3,93,4,93,90,8-12 LPA,Placed
696,7.86,2,4,2,76,5,86,82,5-8 LPA,Placed
697,8.0,1,2,6,80,5,83,90,5-8 LPA,Placed
698,9.08,2,3,2,94,5,98,94,12+ LPA,Placed
699,8.77,3,5,2,87,4,78,91,8-12 LPA,Placed
700,7.6,1,4,6,94,4,92,89,5-8 LPA,Placed
701,9.62,2,2,3,83,5,77,90,12+ LPA,Placed
702,7.35,2,2,4,77,4,84,87,5-8 LPA,Placed
703,8.28,1,3,5,83,5,81,76,8-12 LPA,Placed
704,9.62,3,5,6,97,4,88,93,8-12 LPA,Placed
705,7.59,3,3,5,86,4,91,87,5-8 LPA,Placed
706,9.1,3,5,3,97,5,77,77,12+ LPA,Placed
707,8.88,1,4,4,93,5,89,90,5-8 LPA,Placed
708,9.35,3,2,5,97,4,97,88,12+ LPA,Placed
709,9.69,3,3,4,91,4,90,89,12+ LPA,Placed
710,9.31,2,5,5,93,5,91,87,8-12 LPA,Placed
711,9.43,2,5,2,80,5,92,97,8-12 LPA,Placed
712,8.05,3,2,4,93,5,76,77,5-8 LPA,Placed
713,7.21,3,3,6,96,5,81,82,3-5 LPA,Placed
714,7.95,2,4,2,87,4,82,98,5-8 LPA,Placed
715,8.82,3,3,6,82,4,75,90,5-8 LPA,Placed
716,8.2,1,4,4,84,4,75,92,8-12 LPA,Placed
717,8.7,3,4,2,77,5,79,90,5-8 LPA,Placed
718,9.04,2,4,5,88,4,90,91,12+ LPA,Placed
719,7.56,2,3,3,89,4,80,89,3-5 LPA,Placed
720,7.81,3,4,6,83,5,98,82,5-8 LPA,Placed
721,7.56,2,5,2,87,4,76,89,5-8 LPA,Placed
722,8.09,2,3,6,97,4,80,88,3-5 LPA,Placed
723,7.85,1,2,2,94,4,95,96,5-8 LPA,Placed
724,9.33,2,5,2,85,4,90,97,8-12 LPA,Placed
725,8.53,2,3,2,81,4,79,79,5-8 LPA,Placed
726,8.1,1,2,2,79,5,76,83,5-8 LPA,Placed
727,8.53,2,3,3,97,4,80,88,5-8 LPA,Placed
728,9.08,3,2,2,78,5,92,85,8-12 LPA,Placed
729,9.05,2,2,5,80,5,90,76,12+ LPA,Placed
730,7.69,1,2,3,96,4,91,79,5-8 LPA,Placed
731,9.32,1,4,3,97,5,93,76,12+ LPA,Placed
732,9.77,2,3,3,75,5,88,91,8-12 LPA,Placed
733,7.45,1,3,2,89,5,84,93,5-8 LPA,Placed
734,7.25,3,3,2,96,4,91,98,5-8 LPA,Placed
735,7.68,2,4,2,97,5,77,96,3-5 LPA,Placed
736,9.3,3,2,3,76,4,90,92,12+ LPA,Placed
737,7.97,2,4,2,89,5,98,96,3-5 LPA,Placed
738,7.94,1,5,3,77,5,75,94,3-5 LPA,Placed
739,7.51,1,4,2,95,4,90,86,5-8 LPA,Placed
740,8.46,2,5,5,75,5,84,85,8-12 LPA,Placed
741,9.29,3,5,6,81,5,89,76,12+ LPA,Placed
742,8.22,2,5,4,76,5,92,91,8-12 LPA,Placed
743,9.27,1,5,2,96,4,95,80,8-12 LPA,Placed
744,7.77,1,4,3,87,4,89,86,3-5 LPA,Placed
745,9.11,1,4,4,79,4,76,97,8-12 LPA,Placed
746,8.52,2,4,6,77,4,77,97,8-12 LPA,Placed
747,8.37,1,4,4,92,4,81,83,8-12 LPA,Placed
748,8.02,2,4,3,81,5,76,78,5-8 LPA,Placed
749,7.83,1,3,4,89,5,93,86,5-8 LPA,Placed
750,9.01,3,3,4,91,5,88,92,12+ LPA,Placed
751,8.18,2,4,6,89,4,97,96,5-8 LPA,Placed
752,8.7,3,3,2,79,5,85,95,8-12 LPA,Placed
753,7.41,2,5,2,91,5,79,76,5-8 LPA,Placed
754,7.84,1,5,2,91,4,92,90,5-8 LPA,Placed
755,9.06,1,2,3,97,4,98,84,12+ LPA,Placed
756,7.71,1,2,3,91,4,88,91,5-8 LPA,Placed
757,7.21,3,5,4,86,4,87,89,5-8 LPA,Placed
758,7.76,3,4,3,94,5,88,91,5-8 LPA,Placed
759,8.47,2,2,3,93,4,86,75,8-12 LPA,Placed
760,8.01,3,4,2,97,5,77,82,3-5 LPA,Placed
761,9.65,3,3,5,90,5,96,75,12+ LPA,Placed
762,8.24,2,5,6,81,5,80,90,8-12 LPA,Placed
763,8.92,2,4,3,88,4,75,87,8-12 LPA,Placed
764,7.48,1,3,4,76,5,86,91,3-5 LPA,Placed
765,8.57,1,3,3,86,5,95,90,8-12 LPA,Placed
766,7.3,1,4,6,97,4,90,76,5-8 LPA,Placed
767,9.09,3,4,5,82,5,78,88,12+ LPA,Placed
768,8.09,1,3,6,78,5,92,86,3-5 LPA,Placed
769,8.8,1,4,4,80,5,95,85,8-12 LPA,Placed
770,8.13,1,4,4,79,4,95,79,5-8 LPA,Placed
771,7.57,2,2,3,95,5,95,85,3-5 LPA,Placed
772,9.61,1,4,3,86,5,86,97,12+ LPA,Placed
773,7.34,2,2,2,77,5,93,75,5-8 LPA,Placed
774,8.76,1,3,3,95,5,78,92,5-8 LPA,Placed
775,9.6,1,3,3,80,5,93,85,8-12 LPA,Placed
776,8.77,1,3,3,85,5,95,78,8-12 LPA,Placed
777,9.29,1,3,5,88,5,96,92,12+ LPA,Placed
778,8.65,2,3,5,97,4,83,75,5-8 LPA,Placed
779,9.37,1,5,5,84,4,80,91,8-12 LPA,Placed
780,7.36,3,3,6,80,4,81,98,5-8 LPA,Placed
781,9.24,1,5,5,90,5,84,88,8-12 LPA,Placed
782,8.18,2,3,2,85,4,76,94,5-8 LPA,Placed
783,8.2,3,5,2,95,5,92,89,8-12 LPA,Placed
784,7.3,3,4,3,96,5,88,98,5-8 LPA,Placed
785,9.5,1,3,5,91,4,76,78,12+ LPA,Placed
786,7.94,1,5,3,93,5,79,93,5-8 LPA,Placed
787,7.89,1,5,3,95,4,82,92,3-5 LPA,Placed
788,8.79,2,3,6,93,4,77,82,8-12 LPA,Placed
789,8.54,2,4,5,92,4,79,96,8-12 LPA,Placed
790,7.23,3,3,3,86,5,97,82,3-5 LPA,Placed
791,9.29,3,2,6,79,4,84,94,8-12 LPA,Placed
792,7.54,2,4,3,81,5,77,89,5-8 LPA,Placed
793,9.17,1,5,4,86,5,79,97,12+ LPA,Placed
794,8.42,1,2,4,81,5,87,97,5-8 LPA,Placed
795,8.09,3,5,6,84,4,86,86,5-8 LPA,Placed
796,7.98,1,5,2,86,4,96,94,5-8 LPA,Placed
797,9.36,1,3,3,87,4,84,87,8-12 LPA,Placed
798,8.14,2,3,5,95,4,81,98,5-8 LPA,Placed
799,9.6,3,3,4,89,5,89,79,12+ LPA,Placed
800,7.83,2,5,5,92,5,82,78,3-5 LPA,Placed
801,8.18,1,4,2,95,5,85,77,5-8 LPA,Placed
802,8.9,2,2,5,83,4,87,92,5-8 LPA,Placed
803,7.79,1,3,3,75,4,91,90,3-5 LPA,Placed
804,9.45,2,3,3,91,5,80,97,12+ LPA,Placed
805,9.02,1,5,3,91,5,82,97,8-12 LPA,Placed
806,8.52,3,5,4,85,5,97,98,8-12 LPA,Placed
807,8.14,1,4,6,89,4,78,90,5-8 LPA,Placed
808,8.2,3,3,2,96,5,92,97,8-12 LPA,Placed
809,7.49,1,5,5,86,4,97,96,5-8 LPA,Placed
810,7.34,1,2,2,92,4,87,93,5-8 LPA,Placed
811,7.7,2,5,5,94,5,93,87,5-8 LPA,Placed
812,7.22,1,5,4,76,5,79,97,3-5 LPA,Placed
813,8.46,1,4,6,84,5,80,93,8-12 LPA,Placed
814,7.52,1,4,6,95,4,83,91,3-5 LPA,Placed
815,7.55,3,5,6,82,5,85,93,3-5 LPA,Placed
816,7.23,2,5,2,85,4,78,86,5-8 LPA,Placed
817,9.51,1,4,3,95,5,90,98,8-12 LPA,Placed
818,7.33,2,3,2,79,5,95,92,5-8 LPA,Placed
819,9.68,3,5,2,75,4,77,84,12+ LPA,Placed
820,7.41,3,2,6,80,4,97,94,5-8 LPA,Placed
821,7.43,1,5,4,95,4,91,97,3-5 LPA,Placed
822,8.83,3,4,3,84,4,94,83,8-12 LPA,Placed
823,7.87,3,3,5,93,4,79,81,3-5 LPA,Placed
824,9.69,3,2,5,82,4,78,80,12+ LPA,Placed
825,7.35,1,2,5,93,5,88,79,5-8 LPA,Placed
826,9.77,2,2,4,77,4,91,75,12+ LPA,Placed
827,8.32,3,5,5,77,5,93,87,5-8 LPA,Placed
828,7.82,1,2,2,84,4,81,96,5-8 LPA,Placed
829,9.71,3,5,3,81,4,92,86,12+ LPA,Placed
830,9.61,2,4,5,92,5,80,83,8-12 LPA,Placed
831,7.83,3,4,4,92,4,88,78,3-5 LPA,Placed
832,8.04,2,4,5,80,4,78,89,5-8 LPA,Placed
833,8.12,1,4,5,84,4,86,92,5-8 LPA,Placed
834,9.19,3,3,3,84,4,86,91,12+ LPA,Placed
835,8.97,3,4,5,97,4,97,76,8-12 LPA,Placed
836,8.75,2,4,3,86,4,88,80,5-8 LPA,Placed
837,8.4,3,4,3,93,4,86,90,8-12 LPA,Placed
838,7.86,2,5,3,81,5,91,94,5-8 LPA,Placed
839,8.27,2,2,4,87,4,95,98,5-8 LPA,Placed
840,9.47,3,4,5,79,5,90,96,12+ LPA,Placed
841,7.9,1,5,6,78,5,88,87,5-8 LPA,Placed
842,8.99,1,4,2,83,5,87,94,8-12 LPA,Placed
843,7.66,3,3,4,97,4,77,86,3-5 LPA,Placed
844,9.0,3,2,2,95,4,86,87,8-12 LPA,Placed
845,7.61,2,5,6,77,4,98,79,5-8 LPA,Placed
846,9.08,1,5,3,84,5,76,77,12+ LPA,Placed
847,7.81,3,2,3,80,4,94,76,5-8 LPA,Placed
848,8.41,3,4,2,87,4,80,97,8-12 LPA,Placed
849,9.22,2,5,5,89,5,91,82,12+ LPA,Placed
850,8.88,2,3,6,81,5,80,96,8-12 LPA,Placed
851,8.33,3,5,3,89,5,90,86,5-8 LPA,Placed
852,7.62,2,3,4,76,5,76,87,5-8 LPA,Placed
853,7.48,3,5,6,81,4,94,98,5-8 LPA,Placed
854,8.02,1,4,3,81,5,89,95,5-8 LPA,Placed
855,8.21,2,2,3,90,4,93,83,5-8 LPA,Placed
856,9.43,2,4,5,77,5,94,85,12+ LPA,Placed
857,9.01,3,2,6,81,4,80,88,12+ LPA,Placed
858,7.44,3,3,4,75,4,77,77,5-8 LPA,Placed
859,9.75,1,4,5,77,4,93,76,8-12 LPA,Placed
860,9.02,2,2,2,76,5,80,84,12+ LPA,Placed
861,8.23,1,2,2,77,5,79,88,5-8 LPA,Placed
862,9.15,2,3,5,82,4,89,90,12+ LPA,Placed
863,8.75,3,4,6,90,4,85,95,5-8 LPA,Placed
864,9.12,2,3,4,80,5,85,82,12+ LPA,Placed
865,8.63,2,2,4,96,4,95,98,8-12 LPA,Placed
866,9.39,3,3,2,90,4,89,84,12+ LPA,Placed
867,7.69,1,3,6,96,4,97,83,3-5 LPA,Placed
868,7.25,2,4,6,75,4,83,98,3-5 LPA,Placed
869,8.35,1,4,5,82,4,79,84,8-12 LPA,Placed
870,8.12,3,3,3,83,4,75,97,5-8 LPA,Placed
871,7.68,2,2,4,80,4,80,95,3-5 LPA,Placed
872,9.03,3,3,5,96,4,94,81,8-12 LPA,Placed
873,7.98,1,2,4,75,4,94,87,5-8 LPA,Placed
874,7.63,2,4,4,96,5,86,87,3-5 LPA,Placed
875,7.75,3,3,4,78,5,82,90,3-5 LPA,Placed
876,7.86,3,5,2,76,4,75,89,5-8 LPA,Placed
877,9.57,1,4,6,84,4,92,76,12+ LPA,Placed
878,8.12,3,4,4,81,4,86,81,3-5 LPA,Placed
879,7.71,3,3,2,81,5,78,94,5-8 LPA,Placed
880,9.66,1,2,5,77,5,96,78,12+ LPA,Placed
881,7.47,2,4,2,79,5,93,96,5-8 LPA,Placed
882,9.11,1,2,5,78,5,78,94,8-12 LPA,Placed
883,8.12,1,3,3,95,5,86,81,5-8 LPA,Placed
884,7.47,2,2,2,90,5,93,83,5-8 LPA,Placed
885,8.09,2,5,4,75,4,81,89,3-5 LPA,Placed
886,7.92,1,4,4,79,5,90,78,5-8 LPA,Placed
887,8.32,3,5,4,79,4,84,84,5-8 LPA,Placed
888,9.68,2,2,2,75,5,78,92,12+ LPA,Placed
889,9.57,1,3,2,89,5,98,84,12+ LPA,Placed
890,8.18,2,3,2,91,5,81,90,3-5 LPA,Placed
891,9.75,2,3,3,80,4,84,92,8-12 LPA,Placed
892,7.66,1,2,6,78,4,88,75,3-5 LPA,Placed
893,9.58,2,5,6,96,4,87,83,12+ LPA,Placed
894,9.11,3,3,3,86,4,77,83,12+ LPA,Placed
895,9.75,2,5,2,93,4,81,86,12+ LPA,Placed
896,7.34,2,2,2,86,5,86,89,3-5 LPA,Placed
897,8.49,2,2,3,84,5,84,98,8-12 LPA,Placed
898,8.14,1,3,4,87,4,98,95,5-8 LPA,Placed
899,8.21,1,3,5,91,5,76,85,8-12 LPA,Placed
900,8.29,1,5,5,88,5,96,95,8-12 LPA,Placed
901,7.75,3,2,5,82,5,89,83,5-8 LPA,Placed
902,9.07,3,2,4,89,5,82,93,12+ LPA,Placed
903,7.25,2,4,4,92,5,81,83,5-8 LPA,Placed
904,9.48,1,4,3,86,5,79,84,8-12 LPA,Placed
905,9.36,2,2,6,75,4,97,75,12+ LPA,Placed
906,7.73,2,3,6,81,4,90,75,5-8 LPA,Placed
907,7.96,2,3,3,80,5,98,92,5-8 LPA,Placed
908,8.48,2,2,6,80,5,96,96,5-8 LPA,Placed
909,8.59,3,3,4,97,5,81,82,8-12 LPA,Placed
910,8.82,1,3,6,97,4,83,89,8-12 LPA,Placed
911,9.42,2,4,3,76,4,80,77,12+ LPA,Placed
912,9.76,2,4,2,93,4,92,81,12+ LPA,Placed
913,9.7,3,4,2,78,4,75,92,12+ LPA,Placed
914,8.52,1,2,4,96,5,85,97,5-8 LPA,Placed
915,9.4,2,4,5,84,4,85,90,8-12 LPA,Placed
916,9.71,3,3,3,80,4,93,82,12+ LPA,Placed
917,7.62,2,5,2,90,4,95,77,5-8 LPA,Placed
918,9.54,2,4,6,75,4,84,80,12+ LPA,Placed
919,7.3,1,2,4,82,5,94,77,3-5 LPA,Placed
920,9.26,2,3,6,83,4,85,79,12+ LPA,Placed
921,7.59,3,2,6,93,5,85,97,5-8 LPA,Placed
922,9.02,3,4,3,81,4,95,79,8-12 LPA,Placed
923,9.55,3,2,5,92,4,76,80,12+ LPA,Placed
924,9.33,1,4,6,87,4,86,90,12+ LPA,Placed
925,9.7,2,2,3,96,4,87,89,12+ LPA,Placed
926,8.82,3,2,2,82,5,92,94,8-12 LPA,Placed
927,7.43,1,2,3,81,4,88,98,5-8 LPA,Placed
928,8.36,2,4,3,87,5,92,89,8-12 LPA,Placed
929,8.86,2,5,2,84,5,92,91,8-12 LPA,Placed
930,8.29,1,5,4,92,4,97,95,8-12 LPA,Placed
931,6.46,0,0,0,72,2,65,71,Not Placed,Not Placed
932,6.18,0,1,0,70,2,78,67,Not Placed,Not Placed
933,7.03,1,1,0,56,3,72,63,Not Placed,Not Placed
934,6.13,0,1,0,68,2,60,57,Not Placed,Not Placed
935,6.65,1,0,1,59,3,78,75,Not Placed,Not Placed
936,5.7,1,1,0,66,3,61,70,Not Placed,Not Placed
937,7.17,1,1,1,52,2,75,72,Not Placed,Not Placed
938,6.12,1,0,1,58,3,78,74,Not Placed,Not Placed
939,6.89,0,0,0,55,2,74,60,Not Placed,Not Placed
940,6.04,0,0,0,55,2,56,69,Not Placed,Not Placed
941,5.6,1,0,1,71,2,68,78,Not Placed,Not Placed
942,5.86,0,1,1,66,3,62,58,Not Placed,Not Placed
943,5.66,1,0,0,71,2,79,74,Not Placed,Not Placed
944,6.54,1,0,1,58,3,57,62,Not Placed,Not Placed
945,6.0,1,1,0,70,3,57,65,Not Placed,Not Placed
946,7.4,0,0,1,56,3,77,73,Not Placed,Not Placed
947,5.79,0,2,0,54,2,72,65,Not Placed,Not Placed
948,5.65,1,2,1,53,3,72,60,Not Placed,Not Placed
949,6.71,1,2,0,73,3,62,65,Not Placed,Not Placed
950,6.99,0,1,1,63,3,64,57,Not Placed,Not Placed
951,7.39,0,2,1,61,2,75,61,Not Placed,Not Placed
952,5.62,1,2,0,74,2,64,65,Not Placed,Not Placed
953,7.39,1,1,0,69,3,72,77,Not Placed,Not Placed
954,6.21,1,1,1,58,2,73,57,Not Placed,Not Placed
955,5.61,1,1,0,57,2,71,71,Not Placed,Not Placed
956,7.09,1,1,1,63,2,66,58,Not Placed,Not Placed
957,6.59,1,1,0,72,2,71,61,Not Placed,Not Placed
958,5.71,1,1,0,63,3,73,78,Not Placed,Not Placed
959,5.76,1,0,1,73,3,56,62,Not Placed,Not Placed
960,7.28,0,1,1,73,2,72,66,Not Placed,Not Placed
961,5.68,0,2,0,70,3,65,76,Not Placed,Not Placed
962,6.0,1,0,1,67,3,72,78,Not Placed,Not Placed
963,6.8,1,0,0,57,3,58,59,Not Placed,Not Placed
964,5.7,1,1,1,56,2,69,79,Not Placed,Not Placed
965,6.98,0,2,1,56,3,61,68,Not Placed,Not Placed
966,5.84,1,1,1,61,3,79,61,Not Placed,Not Placed
967,6.44,0,2,1,64,3,74,73,Not Placed,Not Placed
968,6.72,0,2,0,56,2,61,68,Not Placed,Not Placed
969,5.92,0,1,0,65,2,72,63,Not Placed,Not Placed
970,5.82,1,0,1,63,3,79,73,Not Placed,Not Placed
971,7.19,0,2,1,59,2,58,73,Not Placed,Not Placed
972,5.57,1,0,0,64,3,55,70,Not Placed,Not Placed
973,5.73,1,1,0,54,2,72,65,Not Placed,Not Placed
974,7.22,1,1,1,60,2,62,66,Not Placed,Not Placed
975,6.71,1,1,0,64,3,55,64,Not Placed,Not Placed
976,6.62,0,0,1,50,2,60,66,Not Placed,Not Placed
977,6.53,0,2,1,50,2,74,55,Not Placed,Not Placed
978,6.34,1,0,0,57,2,64,56,Not Placed,Not Placed
979,6.08,0,2,1,56,2,75,76,Not Placed,Not Placed
980,7.15,0,2,1,72,3,78,56,Not Placed,Not Placed
981,6.09,0,2,0,52,2,68,60,Not Placed,Not Placed
982,6.57,0,2,1,57,3,69,66,Not Placed,Not Placed
983,7.11,0,2,1,69,3,70,63,Not Placed,Not Placed
984,6.15,0,0,0,70,3,75,59,Not Placed,Not Placed
985,5.56,1,2,0,62,2,74,79,Not Placed,Not Placed
986,6.31,1,1,0,66,2,57,65,Not Placed,Not Placed
987,6.39,0,0,0,74,2,76,58,Not Placed,Not Placed
988,6.47,1,1,0,73,3,55,78,Not Placed,Not Placed
989,6.95,0,1,1,73,2,67,74,Not Placed,Not Placed
990,6.74,0,2,1,69,3,61,76,Not Placed,Not Placed
991,6.29,1,0,1,56,3,61,77,Not Placed,Not Placed
992,6.97,1,1,1,58,2,56,67,Not Placed,Not Placed
993,6.09,0,0,1,61,2,56,67,Not Placed,Not Placed
994,6.7,1,2,0,57,2,55,74,Not Placed,Not Placed
995,7.24,0,0,0,57,3,70,68,Not Placed,Not Placed
996,5.9,0,2,0,62,2,59,70,Not Placed,Not Placed
997,5.6,1,0,0,60,2,73,57,Not Placed,Not Placed
998,7.19,0,1,1,52,3,67,61,Not Placed,Not Placed
999,6.03,1,1,1,57,2,74,55,Not Placed,Not Placed
1000,6.82,1,1,1,65,3,77,64,Not Placed,Not Placed
